Sensor,Value,Milliseconds,Runtime,Start Time,Timestamp
moturoa/spike,1,12272,00:00:12.272,11:30:00,11:30:12
moturoa/ec,334,12288,00:00:12.288,,11:30:12
moturoa/spike,1,19792,00:00:19.792,,11:30:20
moturoa/ec,334,20401,00:00:20.401,,11:30:20
moturoa/spike,1,29781,00:00:29.781,,11:30:30
moturoa/ec,334,29863,00:00:29.863,,11:30:30
moturoa/spike,1,39781,00:00:39.781,,11:30:40
moturoa/ec,336,39863,00:00:39.863,,11:30:40
moturoa/ec,337,49791,00:00:49.791,,11:30:50
moturoa/ec,338,59792,00:00:59.792,,11:31:00
moturoa/ec,339,69792,00:01:09.792,,11:31:10
moturoa/ec,338,79791,00:01:19.791,,11:31:20
moturoa/ec,337,89793,00:01:29.793,,11:31:30
moturoa/ec,337,99791,00:01:39.791,,11:31:40
moturoa/ec,337,109791,00:01:49.791,,11:31:50
moturoa/ec,337,119795,00:01:59.795,,11:32:00
moturoa/ahumid,13,121316,00:02:01.316,,11:32:01
moturoa/ec,337,129791,00:02:09.791,,11:32:10
moturoa/ec,338,141955,00:02:21.955,,11:32:22
moturoa/ec,338,149791,00:02:29.791,,11:32:30
moturoa/watertemp,22.4,154512,00:02:34.512,,11:32:35
moturoa/ec,336,159791,00:02:39.791,,11:32:40
moturoa/ec,336,169791,00:02:49.791,,11:32:50
moturoa/ec,333,179792,00:02:59.792,,11:33:00
moturoa/atemp,33,181315,00:03:01.315,,11:33:01
moturoa/ec,336,189792,00:03:09.792,,11:33:10
moturoa/ec,336,199793,00:03:19.793,,11:33:20
moturoa/watertemp,15.4,204513,00:03:24.513,,11:33:25
moturoa/ec,335,209792,00:03:29.792,,11:33:30
moturoa/ec,337,219791,00:03:39.791,,11:33:40
moturoa/ec,337,229791,00:03:49.791,,11:33:50
moturoa/ec,336,239792,00:03:59.792,,11:34:00
moturoa/ahumid,20,241316,00:04:01.316,,11:34:01
moturoa/ec,336,249806,00:04:09.806,,11:34:10
moturoa/watertemp,15.4,254513,00:04:14.513,,11:34:15
moturoa/ec,336,259791,00:04:19.791,,11:34:20
moturoa/ec,332,269791,00:04:29.791,,11:34:30
moturoa/ec,330,279791,00:04:39.791,,11:34:40
moturoa/ec,332,289792,00:04:49.792,,11:34:50
moturoa/ec,331,299791,00:04:59.791,,11:35:00
moturoa/atemp,27,301318,00:05:01.318,,11:35:01
moturoa/watertemp,15.4,304513,00:05:04.513,,11:35:05
moturoa/ec,333,309791,00:05:09.791,,11:35:10
moturoa/ec,333,319791,00:05:19.791,,11:35:20
moturoa/ec,334,329791,00:05:29.791,,11:35:30
moturoa/ec,332,339791,00:05:39.791,,11:35:40
moturoa/ec,333,349791,00:05:49.791,,11:35:50
moturoa/watertemp,15.4,354513,00:05:54.513,,11:35:55
moturoa/ec,332,359791,00:05:59.791,,11:36:00
moturoa/ahumid,21,361317,00:06:01.317,,11:36:01
moturoa/ec,331,369791,00:06:09.791,,11:36:10
moturoa/ec,330,379791,00:06:19.791,,11:36:20
moturoa/ec,332,389791,00:06:29.791,,11:36:30
moturoa/ec,333,399791,00:06:39.791,,11:36:40
moturoa/watertemp,15.4,404514,00:06:44.514,,11:36:45
moturoa/ec,334,409791,00:06:49.791,,11:36:50
moturoa/ec,333,419791,00:06:59.791,,11:37:00
moturoa/atemp,25,421316,00:07:01.316,,11:37:01
moturoa/ec,332,429791,00:07:09.791,,11:37:10
moturoa/ec,334,439793,00:07:19.793,,11:37:20
moturoa/ec,332,449794,00:07:29.794,,11:37:30
moturoa/watertemp,15.4,454513,00:07:34.513,,11:37:35
moturoa/ec,330,459791,00:07:39.791,,11:37:40
moturoa/ec,330,469791,00:07:49.791,,11:37:50
moturoa/ec,332,479791,00:07:59.791,,11:38:00
moturoa/ahumid,22,481316,00:08:01.316,,11:38:01
moturoa/ec,331,489791,00:08:09.791,,11:38:10
moturoa/ec,333,499791,00:08:19.791,,11:38:20
moturoa/watertemp,15.3,504514,00:08:24.514,,11:38:25
moturoa/ec,332,509792,00:08:29.792,,11:38:30
moturoa/ec,331,519791,00:08:39.791,,11:38:40
moturoa/ec,331,529791,00:08:49.791,,11:38:50
moturoa/ec,330,539791,00:08:59.791,,11:39:00
moturoa/atemp,25,541316,00:09:01.316,,11:39:01
moturoa/ec,331,549791,00:09:09.791,,11:39:10
moturoa/watertemp,15.3,554514,00:09:14.514,,11:39:15
moturoa/ec,332,559791,00:09:19.791,,11:39:20
moturoa/ec,334,569791,00:09:29.791,,11:39:30
moturoa/ec,333,579791,00:09:39.791,,11:39:40
moturoa/ec,335,589791,00:09:49.791,,11:39:50
moturoa/ec,329,599791,00:09:59.791,,11:40:00
moturoa/ahumid,27,601316,00:10:01.316,,11:40:01
moturoa/watertemp,17.2,604515,00:10:04.515,,11:40:05
moturoa/ec,330,609791,00:10:09.791,,11:40:10
moturoa/ec,332,619791,00:10:19.791,,11:40:20
moturoa/ec,330,629791,00:10:29.791,,11:40:30
moturoa/ec,334,639791,00:10:39.791,,11:40:40
moturoa/ec,335,649791,00:10:49.791,,11:40:50
moturoa/watertemp,20.3,654514,00:10:54.514,,11:40:55
moturoa/ec,333,659791,00:10:59.791,,11:41:00
moturoa/atemp,24,661317,00:11:01.317,,11:41:01
moturoa/ec,334,669791,00:11:09.791,,11:41:10
moturoa/ec,333,679791,00:11:19.791,,11:41:20
moturoa/ec,331,689791,00:11:29.791,,11:41:30
moturoa/ec,332,699791,00:11:39.791,,11:41:40
moturoa/watertemp,21.1,704515,00:11:44.515,,11:41:45
moturoa/ec,334,709791,00:11:49.791,,11:41:50
moturoa/ec,335,719791,00:11:59.791,,11:42:00
moturoa/ahumid,22,721316,00:12:01.316,,11:42:01
moturoa/ec,334,729794,00:12:09.794,,11:42:10
moturoa/ec,334,739791,00:12:19.791,,11:42:20
moturoa/ec,335,749791,00:12:29.791,,11:42:30
moturoa/watertemp,22.1,754515,00:12:34.515,,11:42:35
moturoa/ec,334,759791,00:12:39.791,,11:42:40
moturoa/ec,331,769791,00:12:49.791,,11:42:50
moturoa/ec,330,779791,00:12:59.791,,11:43:00
moturoa/atemp,24,781318,00:13:01.318,,11:43:01
moturoa/ec,330,789793,00:13:09.793,,11:43:10
moturoa/ec,333,799792,00:13:19.792,,11:43:20
moturoa/watertemp,25.8,804515,00:13:24.515,,11:43:25
moturoa/ec,334,809791,00:13:29.791,,11:43:30
moturoa/ec,335,819791,00:13:39.791,,11:43:40
moturoa/ec,333,829791,00:13:49.791,,11:43:50
moturoa/ec,335,839791,00:13:59.791,,11:44:00
moturoa/ahumid,22,841316,00:14:01.316,,11:44:01
moturoa/ec,336,849791,00:14:09.791,,11:44:10
moturoa/watertemp,29.3,854515,00:14:14.515,,11:44:15
moturoa/ec,334,859791,00:14:19.791,,11:44:20
moturoa/ec,335,869791,00:14:29.791,,11:44:30
moturoa/ec,335,879791,00:14:39.791,,11:44:40
moturoa/ec,334,889792,00:14:49.792,,11:44:50
moturoa/ec,333,899792,00:14:59.792,,11:45:00
moturoa/atemp,24,901317,00:15:01.317,,11:45:01
moturoa/watertemp,29.9,904515,00:15:04.515,,11:45:05
moturoa/ec,332,909791,00:15:09.791,,11:45:10
moturoa/ec,333,919791,00:15:19.791,,11:45:20
moturoa/ec,335,929792,00:15:29.792,,11:45:30
moturoa/ec,334,939791,00:15:39.791,,11:45:40
moturoa/ec,334,949791,00:15:49.791,,11:45:50
moturoa/watertemp,33.2,954515,00:15:54.515,,11:45:55
moturoa/ec,334,959792,00:15:59.792,,11:46:00
moturoa/ahumid,22,961317,00:16:01.317,,11:46:01
moturoa/ec,333,969791,00:16:09.791,,11:46:10
moturoa/ec,335,979792,00:16:19.792,,11:46:20
moturoa/ec,335,989792,00:16:29.792,,11:46:30
moturoa/ec,335,999791,00:16:39.791,,11:46:40
moturoa/watertemp,33.1,1004516,00:16:44.516,,11:46:45
moturoa/ec,312,1009791,00:16:49.791,,11:46:50
moturoa/ec,312,1019794,00:16:59.794,,11:47:00
moturoa/atemp,24,1021320,00:17:01.320,,11:47:01
moturoa/ec,312,1029793,00:17:09.793,,11:47:10
moturoa/ec,312,1039791,00:17:19.791,,11:47:20
moturoa/ec,312,1049793,00:17:29.793,,11:47:30
moturoa/watertemp,15.4,1054516,00:17:34.516,,11:47:35
moturoa/ec,312,1059792,00:17:39.792,,11:47:40
moturoa/ec,312,1069791,00:17:49.791,,11:47:50
moturoa/ec,312,1079792,00:17:59.792,,11:48:00
moturoa/ahumid,22,1081317,00:18:01.317,,11:48:01
moturoa/ec,312,1089791,00:18:09.791,,11:48:10
moturoa/ec,312,1099791,00:18:19.791,,11:48:20
moturoa/watertemp,15.3,1104516,00:18:24.516,,11:48:25
moturoa/ec,312,1109793,00:18:29.793,,11:48:30
moturoa/ec,311,1119791,00:18:39.791,,11:48:40
moturoa/ec,311,1129791,00:18:49.791,,11:48:50
moturoa/ec,310,1139794,00:18:59.794,,11:49:00
moturoa/atemp,24,1141317,00:19:01.317,,11:49:01
moturoa/ec,310,1149791,00:19:09.791,,11:49:10
moturoa/watertemp,15.3,1154525,00:19:14.525,,11:49:15
moturoa/ec,310,1159793,00:19:19.793,,11:49:20
moturoa/ec,310,1169793,00:19:29.793,,11:49:30
moturoa/ec,310,1179793,00:19:39.793,,11:49:40
moturoa/ec,310,1189792,00:19:49.792,,11:49:50
moturoa/ec,311,1199793,00:19:59.793,,11:50:00
moturoa/ahumid,21,1201319,00:20:01.319,,11:50:01
moturoa/watertemp,15.3,1204519,00:20:04.519,,11:50:05
moturoa/ec,309,1209795,00:20:09.795,,11:50:10
moturoa/ec,309,1219794,00:20:19.794,,11:50:20
moturoa/ec,310,1229793,00:20:29.793,,11:50:30
moturoa/ec,309,1239793,00:20:39.793,,11:50:40
moturoa/ec,309,1249793,00:20:49.793,,11:50:50
moturoa/watertemp,15.3,1254518,00:20:54.518,,11:50:55
moturoa/ec,310,1259794,00:20:59.794,,11:51:00
moturoa/atemp,24,1261319,00:21:01.319,,11:51:01
moturoa/ec,309,1269793,00:21:09.793,,11:51:10
moturoa/ec,309,1279793,00:21:19.793,,11:51:20
moturoa/ec,309,1289793,00:21:29.793,,11:51:30
moturoa/ec,309,1299793,00:21:39.793,,11:51:40
moturoa/watertemp,15.3,1304518,00:21:44.518,,11:51:45
moturoa/ec,310,1309793,00:21:49.793,,11:51:50
moturoa/ec,308,1319793,00:21:59.793,,11:52:00
moturoa/ahumid,22,1321319,00:22:01.319,,11:52:01
moturoa/ec,309,1329793,00:22:09.793,,11:52:10
moturoa/ec,309,1339793,00:22:19.793,,11:52:20
moturoa/ec,309,1349793,00:22:29.793,,11:52:30
moturoa/watertemp,15.4,1354519,00:22:34.519,,11:52:35
moturoa/ec,309,1359793,00:22:39.793,,11:52:40
moturoa/ec,309,1369793,00:22:49.793,,11:52:50
moturoa/ec,308,1379794,00:22:59.794,,11:53:00
moturoa/atemp,24,1381319,00:23:01.319,,11:53:01
moturoa/ec,309,1389793,00:23:09.793,,11:53:10
moturoa/ec,309,1399793,00:23:19.793,,11:53:20
moturoa/watertemp,15.4,1404518,00:23:24.518,,11:53:25
moturoa/ec,308,1409793,00:23:29.793,,11:53:30
moturoa/ec,309,1419793,00:23:39.793,,11:53:40
moturoa/ec,309,1429795,00:23:49.795,,11:53:50
moturoa/ec,308,1439793,00:23:59.793,,11:54:00
moturoa/ahumid,22,1441320,00:24:01.320,,11:54:01
moturoa/ec,309,1449793,00:24:09.793,,11:54:10
moturoa/watertemp,15.4,1454519,00:24:14.519,,11:54:15
moturoa/ec,309,1459795,00:24:19.795,,11:54:20
moturoa/ec,308,1469793,00:24:29.793,,11:54:30
moturoa/ec,309,1479793,00:24:39.793,,11:54:40
moturoa/ec,308,1489793,00:24:49.793,,11:54:50
moturoa/ec,309,1499794,00:24:59.794,,11:55:00
moturoa/atemp,24,1501319,00:25:01.319,,11:55:01
moturoa/watertemp,15.4,1504519,00:25:04.519,,11:55:05
moturoa/ec,308,1509793,00:25:09.793,,11:55:10
moturoa/ec,308,1519793,00:25:19.793,,11:55:20
moturoa/ec,308,1529794,00:25:29.794,,11:55:30
moturoa/ec,308,1539793,00:25:39.793,,11:55:40
moturoa/ec,309,1549793,00:25:49.793,,11:55:50
moturoa/watertemp,15.3,1554519,00:25:54.519,,11:55:55
moturoa/ec,308,1559793,00:25:59.793,,11:56:00
moturoa/ahumid,22,1561321,00:26:01.321,,11:56:01
moturoa/ec,308,1569795,00:26:09.795,,11:56:10
moturoa/ec,308,1579793,00:26:19.793,,11:56:20
moturoa/ec,307,1589794,00:26:29.794,,11:56:30
moturoa/ec,307,1599793,00:26:39.793,,11:56:40
moturoa/watertemp,15.3,1604519,00:26:44.519,,11:56:45
moturoa/ec,308,1609793,00:26:49.793,,11:56:50
moturoa/ec,308,1619793,00:26:59.793,,11:57:00
moturoa/atemp,24,1621319,00:27:01.319,,11:57:01
moturoa/ec,307,1629793,00:27:09.793,,11:57:10
moturoa/ec,308,1639793,00:27:19.793,,11:57:20
moturoa/ec,307,1649793,00:27:29.793,,11:57:30
moturoa/watertemp,15.4,1654520,00:27:34.520,,11:57:35
moturoa/ec,308,1659793,00:27:39.793,,11:57:40
moturoa/ec,308,1669794,00:27:49.794,,11:57:50
moturoa/ec,307,1679793,00:27:59.793,,11:58:00
moturoa/ahumid,22,1681319,00:28:01.319,,11:58:01
moturoa/ec,307,1689793,00:28:09.793,,11:58:10
moturoa/ec,308,1699793,00:28:19.793,,11:58:20
moturoa/watertemp,15.3,1704522,00:28:24.522,,11:58:25
moturoa/ec,307,1709805,00:28:29.805,,11:58:30
moturoa/ec,308,1719793,00:28:39.793,,11:58:40
moturoa/ec,307,1729794,00:28:49.794,,11:58:50
moturoa/ec,308,1739793,00:28:59.793,,11:59:00
moturoa/atemp,24,1741319,00:29:01.319,,11:59:01
moturoa/ec,307,1749793,00:29:09.793,,11:59:10
moturoa/watertemp,15.3,1754520,00:29:14.520,,11:59:15
moturoa/ec,307,1759793,00:29:19.793,,11:59:20
moturoa/ec,307,1769793,00:29:29.793,,11:59:30
moturoa/ec,308,1779795,00:29:39.795,,11:59:40
moturoa/ec,307,1789793,00:29:49.793,,11:59:50
moturoa/ec,307,1799793,00:29:59.793,,12:00:00
moturoa/ahumid,22,1801320,00:30:01.320,,12:00:01
moturoa/watertemp,15.3,1804520,00:30:04.520,,12:00:05
moturoa/ec,307,1809793,00:30:09.793,,12:00:10
moturoa/ec,307,1819794,00:30:19.794,,12:00:20
moturoa/ec,308,1829794,00:30:29.794,,12:00:30
moturoa/ec,308,1839801,00:30:39.801,,12:00:40
moturoa/ec,307,1849796,00:30:49.796,,12:00:50
moturoa/watertemp,15.3,1854520,00:30:54.520,,12:00:55
moturoa/ec,308,1859793,00:30:59.793,,12:01:00
moturoa/atemp,24,1861319,00:31:01.319,,12:01:01
moturoa/ec,308,1869793,00:31:09.793,,12:01:10
moturoa/ec,308,1879793,00:31:19.793,,12:01:20
moturoa/ec,306,1889795,00:31:29.795,,12:01:30
moturoa/ec,306,1899793,00:31:39.793,,12:01:40
moturoa/watertemp,15.3,1904520,00:31:44.520,,12:01:45
moturoa/ec,307,1909793,00:31:49.793,,12:01:50
moturoa/ec,308,1919793,00:31:59.793,,12:02:00
moturoa/ahumid,22,1921320,00:32:01.320,,12:02:01
moturoa/ec,308,1929793,00:32:09.793,,12:02:10
moturoa/ec,307,1939793,00:32:19.793,,12:02:20
moturoa/ec,308,1949793,00:32:29.793,,12:02:30
moturoa/watertemp,15.3,1954521,00:32:34.521,,12:02:35
moturoa/ec,308,1959793,00:32:39.793,,12:02:40
moturoa/ec,307,1969793,00:32:49.793,,12:02:50
moturoa/ec,307,1979793,00:32:59.793,,12:03:00
moturoa/atemp,24,1981322,00:33:01.322,,12:03:01
moturoa/ec,308,1989795,00:33:09.795,,12:03:10
moturoa/ec,308,1999797,00:33:19.797,,12:03:20
moturoa/watertemp,15.4,2004521,00:33:24.521,,12:03:25
moturoa/ec,309,2009793,00:33:29.793,,12:03:30
moturoa/ec,308,2019793,00:33:39.793,,12:03:40
moturoa/ec,308,2029793,00:33:49.793,,12:03:50
moturoa/ec,307,2039793,00:33:59.793,,12:04:00
moturoa/ahumid,22,2041320,00:34:01.320,,12:04:01
moturoa/ec,308,2049793,00:34:09.793,,12:04:10
moturoa/watertemp,15.4,2054522,00:34:14.522,,12:04:15
moturoa/ec,309,2059793,00:34:19.793,,12:04:20
moturoa/ec,305,2069797,00:34:29.797,,12:04:30
moturoa/ec,308,2079793,00:34:39.793,,12:04:40
moturoa/ec,310,2089828,00:34:49.828,,12:04:50
moturoa/ec,309,2099795,00:34:59.795,,12:05:00
moturoa/atemp,24,2101320,00:35:01.320,,12:05:01
moturoa/watertemp,15.3,2104522,00:35:04.522,,12:05:05
moturoa/ec,304,2109793,00:35:09.793,,12:05:10
moturoa/ec,310,2119794,00:35:19.794,,12:05:20
moturoa/ec,310,2129793,00:35:29.793,,12:05:30
moturoa/ec,312,2139794,00:35:39.794,,12:05:40
moturoa/ec,311,2149794,00:35:49.794,,12:05:50
moturoa/watertemp,15.3,2154521,00:35:54.521,,12:05:55
moturoa/ec,312,2159794,00:35:59.794,,12:06:00
moturoa/ahumid,22,2161320,00:36:01.320,,12:06:01
moturoa/ec,313,2169793,00:36:09.793,,12:06:10
moturoa/ec,313,2179793,00:36:19.793,,12:06:20
moturoa/ec,313,2189795,00:36:29.795,,12:06:30
moturoa/ec,313,2199793,00:36:39.793,,12:06:40
moturoa/watertemp,15.3,2204522,00:36:44.522,,12:06:45
moturoa/ec,313,2209793,00:36:49.793,,12:06:50
moturoa/ec,314,2219793,00:36:59.793,,12:07:00
moturoa/atemp,25,2221322,00:37:01.322,,12:07:01
moturoa/ec,315,2229793,00:37:09.793,,12:07:10
moturoa/ec,312,2239794,00:37:19.794,,12:07:20
moturoa/ec,316,2249793,00:37:29.793,,12:07:30
moturoa/watertemp,15.3,2254530,00:37:34.530,,12:07:35
moturoa/ec,315,2259793,00:37:39.793,,12:07:40
moturoa/ec,317,2269794,00:37:49.794,,12:07:50
moturoa/ec,317,2279793,00:37:59.793,,12:08:00
moturoa/ahumid,21,2281320,00:38:01.320,,12:08:01
moturoa/ec,317,2289793,00:38:09.793,,12:08:10
moturoa/ec,313,2299794,00:38:19.794,,12:08:20
moturoa/watertemp,15.3,2304522,00:38:24.522,,12:08:25
moturoa/ec,316,2309796,00:38:29.796,,12:08:30
moturoa/ec,316,2319793,00:38:39.793,,12:08:40
moturoa/ec,312,2329793,00:38:49.793,,12:08:50
moturoa/ec,314,2339794,00:38:59.794,,12:09:00
moturoa/atemp,26,2341321,00:39:01.321,,12:09:01
moturoa/ec,317,2349793,00:39:09.793,,12:09:10
moturoa/watertemp,15.3,2354523,00:39:14.523,,12:09:15
moturoa/ec,315,2359794,00:39:19.794,,12:09:20
moturoa/ec,316,2369794,00:39:29.794,,12:09:30
moturoa/ec,316,2379793,00:39:39.793,,12:09:40
moturoa/ec,317,2389794,00:39:49.794,,12:09:50
moturoa/ec,316,2399793,00:39:59.793,,12:10:00
moturoa/ahumid,21,2401321,00:40:01.321,,12:10:01
moturoa/watertemp,15.3,2404522,00:40:04.522,,12:10:05
moturoa/ec,317,2409793,00:40:09.793,,12:10:10
moturoa/ec,318,2419795,00:40:19.795,,12:10:20
moturoa/ec,319,2429793,00:40:29.793,,12:10:30
moturoa/ec,313,2439793,00:40:39.793,,12:10:40
moturoa/ec,315,2449794,00:40:49.794,,12:10:50
moturoa/watertemp,15.3,2454523,00:40:54.523,,12:10:55
moturoa/ec,319,2459794,00:40:59.794,,12:11:00
moturoa/atemp,24,2461320,00:41:01.320,,12:11:01
moturoa/ec,317,2469793,00:41:09.793,,12:11:10
moturoa/ec,317,2479794,00:41:19.794,,12:11:20
moturoa/ec,313,2489794,00:41:29.794,,12:11:30
moturoa/ec,315,2499794,00:41:39.794,,12:11:40
moturoa/watertemp,15.3,2504523,00:41:44.523,,12:11:45
moturoa/ec,313,2509794,00:41:49.794,,12:11:50
moturoa/ec,316,2519793,00:41:59.793,,12:12:00
moturoa/ahumid,22,2521321,00:42:01.321,,12:12:01
moturoa/ec,315,2529795,00:42:09.795,,12:12:10
moturoa/ec,316,2539795,00:42:19.795,,12:12:20
moturoa/ec,316,2549794,00:42:29.794,,12:12:30
moturoa/watertemp,15.3,2554523,00:42:34.523,,12:12:35
moturoa/ec,317,2559794,00:42:39.794,,12:12:40
moturoa/ec,317,2569794,00:42:49.794,,12:12:50
moturoa/ec,318,2579793,00:42:59.793,,12:13:00
moturoa/atemp,24,2581321,00:43:01.321,,12:13:01
moturoa/ec,318,2589794,00:43:09.794,,12:13:10
moturoa/ec,320,2599794,00:43:19.794,,12:13:20
moturoa/watertemp,15.3,2604524,00:43:24.524,,12:13:25
moturoa/ec,320,2609793,00:43:29.793,,12:13:30
moturoa/ec,319,2619794,00:43:39.794,,12:13:40
moturoa/ec,320,2629794,00:43:49.794,,12:13:50
moturoa/ec,319,2639793,00:43:59.793,,12:14:00
moturoa/ahumid,22,2641321,00:44:01.321,,12:14:01
moturoa/ec,320,2649793,00:44:09.793,,12:14:10
moturoa/watertemp,15.3,2654523,00:44:14.523,,12:14:15
moturoa/ec,319,2659794,00:44:19.794,,12:14:20
moturoa/ec,320,2669796,00:44:29.796,,12:14:30
moturoa/ec,320,2679794,00:44:39.794,,12:14:40
moturoa/ec,321,2689794,00:44:49.794,,12:14:50
moturoa/ec,321,2699794,00:44:59.794,,12:15:00
moturoa/atemp,24,2701322,00:45:01.322,,12:15:01
moturoa/watertemp,15.3,2704524,00:45:04.524,,12:15:05
moturoa/ec,321,2709794,00:45:09.794,,12:15:10
moturoa/ec,322,2719794,00:45:19.794,,12:15:20
moturoa/ec,322,2729793,00:45:29.793,,12:15:30
moturoa/ec,320,2739795,00:45:39.795,,12:15:40
moturoa/ec,320,2749794,00:45:49.794,,12:15:50
moturoa/watertemp,15.3,2754525,00:45:54.525,,12:15:55
moturoa/ec,320,2759794,00:45:59.794,,12:16:00
moturoa/ahumid,21,2761321,00:46:01.321,,12:16:01
moturoa/ec,318,2769794,00:46:09.794,,12:16:10
moturoa/ec,320,2779794,00:46:19.794,,12:16:20
moturoa/ec,321,2789794,00:46:29.794,,12:16:30
moturoa/ec,320,2799794,00:46:39.794,,12:16:40
moturoa/watertemp,15.3,2804524,00:46:44.524,,12:16:45
moturoa/ec,321,2809795,00:46:49.795,,12:16:50
moturoa/ec,319,2819794,00:46:59.794,,12:17:00
moturoa/atemp,25,2821322,00:47:01.322,,12:17:01
moturoa/ec,321,2829794,00:47:09.794,,12:17:10
moturoa/ec,315,2839794,00:47:19.794,,12:17:20
moturoa/ec,318,2849794,00:47:29.794,,12:17:30
moturoa/watertemp,15.3,2854524,00:47:34.524,,12:17:35
moturoa/ec,319,2859794,00:47:39.794,,12:17:40
moturoa/ec,319,2869794,00:47:49.794,,12:17:50
moturoa/ec,319,2879794,00:47:59.794,,12:18:00
moturoa/ahumid,21,2881321,00:48:01.321,,12:18:01
moturoa/ec,293,2889794,00:48:09.794,,12:18:10
moturoa/ec,317,2899794,00:48:19.794,,12:18:20
moturoa/watertemp,15.3,2904524,00:48:24.524,,12:18:25
moturoa/ec,319,2909798,00:48:29.798,,12:18:30
moturoa/ec,312,2919794,00:48:39.794,,12:18:40
moturoa/ec,315,2929794,00:48:49.794,,12:18:50
moturoa/ec,318,2939794,00:48:59.794,,12:19:00
moturoa/atemp,24,2941321,00:49:01.321,,12:19:01
moturoa/spike,1,2949784,00:49:09.784,,12:19:10
moturoa/ec,7,2949829,00:49:09.829,,12:19:10
moturoa/watertemp,15.3,2954527,00:49:14.527,,12:19:15
moturoa/spike,1,2959784,00:49:19.784,,12:19:20
moturoa/ec,7,2959808,00:49:19.808,,12:19:20
moturoa/spike,1,2969785,00:49:29.785,,12:19:30
moturoa/ec,321,2969826,00:49:29.826,,12:19:30
moturoa/spike,1,2979784,00:49:39.784,,12:19:40
moturoa/ec,321,2979827,00:49:39.827,,12:19:40
moturoa/spike,1,2989785,00:49:49.785,,12:19:50
moturoa/ec,319,2989875,00:49:49.875,,12:19:50
moturoa/spike,1,2999783,00:49:59.783,,12:20:00
moturoa/ec,319,2999875,00:49:59.875,,12:20:00
moturoa/ahumid,21,3001324,00:50:01.324,,12:20:01
moturoa/watertemp,15.3,3004524,00:50:04.524,,12:20:05
moturoa/spike,1,3009784,00:50:09.784,,12:20:10
moturoa/ec,318,3009899,00:50:09.899,,12:20:10
moturoa/spike,1,3019784,00:50:19.784,,12:20:20
moturoa/ec,318,3019810,00:50:19.810,,12:20:20
moturoa/spike,1,3029786,00:50:29.786,,12:20:30
moturoa/ec,318,3029825,00:50:29.825,,12:20:30
moturoa/spike,1,3039785,00:50:39.785,,12:20:40
moturoa/ec,319,3039923,00:50:39.923,,12:20:40
moturoa/ec,319,3049794,00:50:49.794,,12:20:50
moturoa/watertemp,15.6,3054525,00:50:54.525,,12:20:55
moturoa/ec,317,3059796,00:50:59.796,,12:21:00
moturoa/atemp,25,3061321,00:51:01.321,,12:21:01
moturoa/ec,317,3069794,00:51:09.794,,12:21:10
moturoa/ec,317,3079795,00:51:19.795,,12:21:20
moturoa/ec,319,3089794,00:51:29.794,,12:21:30
moturoa/ec,317,3099795,00:51:39.795,,12:21:40
moturoa/watertemp,15.6,3104525,00:51:44.525,,12:21:45
moturoa/ec,318,3109794,00:51:49.794,,12:21:50
moturoa/ec,317,3119794,00:51:59.794,,12:22:00
moturoa/ahumid,21,3121322,00:52:01.322,,12:22:01
moturoa/ec,318,3129794,00:52:09.794,,12:22:10
moturoa/ec,316,3139794,00:52:19.794,,12:22:20
moturoa/ec,317,3149794,00:52:29.794,,12:22:30
moturoa/watertemp,15.4,3154527,00:52:34.527,,12:22:35
moturoa/ec,316,3159794,00:52:39.794,,12:22:40
moturoa/ec,316,3169794,00:52:49.794,,12:22:50
moturoa/ec,315,3179794,00:52:59.794,,12:23:00
moturoa/atemp,25,3181323,00:53:01.323,,12:23:01
moturoa/ec,315,3189794,00:53:09.794,,12:23:10
moturoa/ec,315,3199794,00:53:19.794,,12:23:20
moturoa/watertemp,15.4,3204525,00:53:24.525,,12:23:25
moturoa/ec,315,3209794,00:53:29.794,,12:23:30
moturoa/ec,314,3219794,00:53:39.794,,12:23:40
moturoa/ec,314,3229795,00:53:49.795,,12:23:50
moturoa/ec,314,3239794,00:53:59.794,,12:24:00
moturoa/ahumid,21,3241322,00:54:01.322,,12:24:01
moturoa/ec,315,3249794,00:54:09.794,,12:24:10
moturoa/watertemp,15.4,3254525,00:54:14.525,,12:24:15
moturoa/ec,314,3259797,00:54:19.797,,12:24:20
moturoa/ec,314,3269796,00:54:29.796,,12:24:30
moturoa/ec,315,3279794,00:54:39.794,,12:24:40
moturoa/ec,315,3289796,00:54:49.796,,12:24:50
moturoa/ec,315,3299802,00:54:59.802,,12:25:00
moturoa/atemp,25,3301322,00:55:01.322,,12:25:01
moturoa/watertemp,15.3,3304526,00:55:04.526,,12:25:05
moturoa/ec,318,3309794,00:55:09.794,,12:25:10
moturoa/ec,312,3319794,00:55:19.794,,12:25:20
moturoa/ec,312,3329794,00:55:29.794,,12:25:30
moturoa/ec,312,3339794,00:55:39.794,,12:25:40
moturoa/ec,313,3349794,00:55:49.794,,12:25:50
moturoa/watertemp,15.3,3354526,00:55:54.526,,12:25:55
moturoa/ec,312,3359794,00:55:59.794,,12:26:00
moturoa/ahumid,21,3361322,00:56:01.322,,12:26:01
moturoa/ec,313,3369794,00:56:09.794,,12:26:10
moturoa/ec,312,3379796,00:56:19.796,,12:26:20
moturoa/ec,312,3389794,00:56:29.794,,12:26:30
moturoa/ec,312,3399795,00:56:39.795,,12:26:40
moturoa/watertemp,15.3,3404526,00:56:44.526,,12:26:45
moturoa/ec,312,3409794,00:56:49.794,,12:26:50
moturoa/ec,311,3419795,00:56:59.795,,12:27:00
moturoa/atemp,25,3421322,00:57:01.322,,12:27:01
moturoa/ec,312,3429796,00:57:09.796,,12:27:10
moturoa/ec,312,3439794,00:57:19.794,,12:27:20
moturoa/ec,311,3449794,00:57:29.794,,12:27:30
moturoa/watertemp,15.3,3454553,00:57:34.553,,12:27:35
moturoa/ec,312,3459794,00:57:39.794,,12:27:40
moturoa/ec,312,3469794,00:57:49.794,,12:27:50
moturoa/ec,311,3479794,00:57:59.794,,12:28:00
moturoa/ahumid,21,3481322,00:58:01.322,,12:28:01
moturoa/ec,311,3489794,00:58:09.794,,12:28:10
moturoa/ec,311,3499795,00:58:19.795,,12:28:20
moturoa/watertemp,15.3,3504527,00:58:24.527,,12:28:25
moturoa/ec,311,3509794,00:58:29.794,,12:28:30
moturoa/ec,311,3519794,00:58:39.794,,12:28:40
moturoa/ec,310,3529795,00:58:49.795,,12:28:50
moturoa/ec,310,3539794,00:58:59.794,,12:29:00
moturoa/atemp,25,3541322,00:59:01.322,,12:29:01
moturoa/ec,310,3549794,00:59:09.794,,12:29:10
moturoa/watertemp,15.3,3554527,00:59:14.527,,12:29:15
moturoa/ec,310,3559794,00:59:19.794,,12:29:20
moturoa/ec,310,3569794,00:59:29.794,,12:29:30
moturoa/ec,311,3579796,00:59:39.796,,12:29:40
moturoa/ec,311,3589794,00:59:49.794,,12:29:50
moturoa/ec,311,3599794,00:59:59.794,,12:30:00
moturoa/ahumid,21,3601322,01:00:01.322,,12:30:01
moturoa/watertemp,15.3,3604527,01:00:04.527,,12:30:05
moturoa/ec,311,3609794,01:00:09.794,,12:30:10
moturoa/ec,311,3619794,01:00:19.794,,12:30:20
moturoa/ec,311,3629795,01:00:29.795,,12:30:30
moturoa/ec,311,3639794,01:00:39.794,,12:30:40
moturoa/ec,311,3649795,01:00:49.795,,12:30:50
moturoa/watertemp,15.3,3654527,01:00:54.527,,12:30:55
moturoa/ec,311,3659794,01:00:59.794,,12:31:00
moturoa/atemp,25,3661323,01:01:01.323,,12:31:01
moturoa/ec,311,3669794,01:01:09.794,,12:31:10
moturoa/ec,311,3679794,01:01:19.794,,12:31:20
moturoa/ec,311,3689794,01:01:29.794,,12:31:30
moturoa/ec,310,3699796,01:01:39.796,,12:31:40
moturoa/watertemp,15.3,3704527,01:01:44.527,,12:31:45
moturoa/ec,311,3709794,01:01:49.794,,12:31:50
moturoa/ec,310,3719794,01:01:59.794,,12:32:00
moturoa/ahumid,22,3721330,01:02:01.330,,12:32:01
moturoa/ec,310,3729794,01:02:09.794,,12:32:10
moturoa/ec,311,3739796,01:02:19.796,,12:32:20
moturoa/ec,310,3749794,01:02:29.794,,12:32:30
moturoa/watertemp,23.1,3754528,01:02:34.528,,12:32:35
moturoa/ec,309,3759794,01:02:39.794,,12:32:40
moturoa/ec,311,3769795,01:02:49.795,,12:32:50
moturoa/ec,311,3779794,01:02:59.794,,12:33:00
moturoa/atemp,24,3781323,01:03:01.323,,12:33:01
moturoa/ec,311,3789794,01:03:09.794,,12:33:10
moturoa/ec,311,3799794,01:03:19.794,,12:33:20
moturoa/watertemp,15.8,3804529,01:03:24.529,,12:33:25
moturoa/spike,1,3809785,01:03:29.785,,12:33:30
moturoa/ec,7,3809848,01:03:29.848,,12:33:30
moturoa/spike,1,3819784,01:03:39.784,,12:33:40
moturoa/ec,326,3819897,01:03:39.897,,12:33:40
moturoa/spike,1,3829785,01:03:49.785,,12:33:50
moturoa/ec,325,3829820,01:03:49.820,,12:33:50
moturoa/spike,1,3839784,01:03:59.784,,12:34:00
moturoa/ec,324,3839826,01:03:59.826,,12:34:00
moturoa/ahumid,22,3841324,01:04:01.324,,12:34:01
moturoa/spike,1,3849784,01:04:09.784,,12:34:10
moturoa/ec,322,3849827,01:04:09.827,,12:34:10
moturoa/watertemp,15.3,3854528,01:04:14.528,,12:34:15
moturoa/spike,1,3859785,01:04:19.785,,12:34:20
moturoa/ec,322,3859870,01:04:19.870,,12:34:20
moturoa/ec,320,3869794,01:04:29.794,,12:34:30
moturoa/ec,320,3879794,01:04:39.794,,12:34:40
moturoa/ec,320,3889795,01:04:49.795,,12:34:50
moturoa/ec,321,3899795,01:04:59.795,,12:35:00
moturoa/atemp,24,3901323,01:05:01.323,,12:35:01
moturoa/watertemp,15.3,3904528,01:05:04.528,,12:35:05
moturoa/ec,321,3909794,01:05:09.794,,12:35:10
moturoa/ec,320,3919796,01:05:19.796,,12:35:20
moturoa/ec,319,3929797,01:05:29.797,,12:35:30
moturoa/ec,319,3939794,01:05:39.794,,12:35:40
moturoa/ec,319,3949797,01:05:49.797,,12:35:50
moturoa/watertemp,15.3,3954529,01:05:54.529,,12:35:55
moturoa/ec,319,3959794,01:05:59.794,,12:36:00
moturoa/ahumid,22,3961325,01:06:01.325,,12:36:01
moturoa/ec,319,3969794,01:06:09.794,,12:36:10
moturoa/ec,320,3979795,01:06:19.795,,12:36:20
moturoa/ec,319,3989795,01:06:29.795,,12:36:30
moturoa/ec,318,3999794,01:06:39.794,,12:36:40
moturoa/watertemp,15.3,4004529,01:06:44.529,,12:36:45
moturoa/ec,320,4009795,01:06:49.795,,12:36:50
moturoa/ec,319,4019796,01:06:59.796,,12:37:00
moturoa/atemp,25,4021323,01:07:01.323,,12:37:01
moturoa/ec,320,4029801,01:07:09.801,,12:37:10
moturoa/ec,320,4039795,01:07:19.795,,12:37:20
moturoa/ec,319,4049795,01:07:29.795,,12:37:30
moturoa/watertemp,15.3,4054529,01:07:34.529,,12:37:35
moturoa/ec,320,4059796,01:07:39.796,,12:37:40
moturoa/ec,320,4069795,01:07:49.795,,12:37:50
moturoa/ec,318,4079795,01:07:59.795,,12:38:00
moturoa/ahumid,22,4081323,01:08:01.323,,12:38:01
moturoa/ec,318,4089795,01:08:09.795,,12:38:10
moturoa/ec,318,4099795,01:08:19.795,,12:38:20
moturoa/watertemp,15.3,4104529,01:08:24.529,,12:38:25
moturoa/ec,319,4109795,01:08:29.795,,12:38:30
moturoa/ec,318,4119795,01:08:39.795,,12:38:40
moturoa/ec,318,4129795,01:08:49.795,,12:38:50
moturoa/ec,318,4139795,01:08:59.795,,12:39:00
moturoa/atemp,25,4141323,01:09:01.323,,12:39:01
moturoa/ec,318,4149795,01:09:09.795,,12:39:10
moturoa/watertemp,15.3,4154529,01:09:14.529,,12:39:15
moturoa/ec,318,4159795,01:09:19.795,,12:39:20
moturoa/ec,317,4169795,01:09:29.795,,12:39:30
moturoa/ec,318,4179795,01:09:39.795,,12:39:40
moturoa/ec,318,4189795,01:09:49.795,,12:39:50
moturoa/ec,317,4199795,01:09:59.795,,12:40:00
moturoa/ahumid,22,4201323,01:10:01.323,,12:40:01
moturoa/watertemp,15.3,4204531,01:10:04.531,,12:40:05
moturoa/ec,316,4209795,01:10:09.795,,12:40:10
moturoa/ec,316,4219795,01:10:19.795,,12:40:20
moturoa/ec,316,4229795,01:10:29.795,,12:40:30
moturoa/ec,318,4239796,01:10:39.796,,12:40:40
moturoa/ec,316,4249796,01:10:49.796,,12:40:50
moturoa/watertemp,15.3,4254529,01:10:54.529,,12:40:55
moturoa/ec,317,4259795,01:10:59.795,,12:41:00
moturoa/atemp,24,4261323,01:11:01.323,,12:41:01
moturoa/ec,316,4269846,01:11:09.846,,12:41:10
moturoa/ec,317,4279798,01:11:19.798,,12:41:20
moturoa/ec,318,4289795,01:11:29.795,,12:41:30
moturoa/ec,316,4299794,01:11:39.794,,12:41:40
moturoa/watertemp,15.3,4304529,01:11:44.529,,12:41:45
moturoa/ec,316,4309795,01:11:49.795,,12:41:50
moturoa/ec,318,4319806,01:11:59.806,,12:42:00
moturoa/ahumid,22,4321324,01:12:01.324,,12:42:01
moturoa/ec,316,4329795,01:12:09.795,,12:42:10
moturoa/ec,317,4339796,01:12:19.796,,12:42:20
moturoa/ec,317,4349795,01:12:29.795,,12:42:30
moturoa/watertemp,15.3,4354538,01:12:34.538,,12:42:35
moturoa/ec,317,4359795,01:12:39.795,,12:42:40
moturoa/ec,317,4369798,01:12:49.798,,12:42:50
moturoa/ec,317,4379795,01:12:59.795,,12:43:00
moturoa/atemp,24,4381324,01:13:01.324,,12:43:01
moturoa/ec,317,4389795,01:13:09.795,,12:43:10
moturoa/ec,317,4399795,01:13:19.795,,12:43:20
moturoa/watertemp,15.3,4404531,01:13:24.531,,12:43:25
moturoa/ec,317,4409795,01:13:29.795,,12:43:30
moturoa/ec,317,4419795,01:13:39.795,,12:43:40
moturoa/ec,318,4429795,01:13:49.795,,12:43:50
moturoa/ec,318,4439796,01:13:59.796,,12:44:00
moturoa/ahumid,22,4441324,01:14:01.324,,12:44:01
moturoa/ec,317,4449795,01:14:09.795,,12:44:10
moturoa/watertemp,15.3,4454530,01:14:14.530,,12:44:15
moturoa/ec,317,4459795,01:14:19.795,,12:44:20
moturoa/ec,316,4469795,01:14:29.795,,12:44:30
moturoa/ec,317,4479795,01:14:39.795,,12:44:40
moturoa/ec,317,4489795,01:14:49.795,,12:44:50
moturoa/ec,317,4499797,01:14:59.797,,12:45:00
moturoa/atemp,24,4501324,01:15:01.324,,12:45:01
moturoa/watertemp,15.3,4504531,01:15:04.531,,12:45:05
moturoa/ec,317,4509795,01:15:09.795,,12:45:10
moturoa/ec,317,4519795,01:15:19.795,,12:45:20
moturoa/ec,316,4529795,01:15:29.795,,12:45:30
moturoa/ec,316,4539795,01:15:39.795,,12:45:40
moturoa/ec,316,4549795,01:15:49.795,,12:45:50
moturoa/watertemp,15.3,4554531,01:15:54.531,,12:45:55
moturoa/ec,316,4559795,01:15:59.795,,12:46:00
moturoa/ahumid,22,4561324,01:16:01.324,,12:46:01
moturoa/ec,316,4569795,01:16:09.795,,12:46:10
moturoa/ec,317,4579796,01:16:19.796,,12:46:20
moturoa/ec,317,4589795,01:16:29.795,,12:46:30
moturoa/ec,317,4599798,01:16:39.798,,12:46:40
moturoa/watertemp,15.3,4604531,01:16:44.531,,12:46:45
moturoa/ec,317,4609795,01:16:49.795,,12:46:50
moturoa/ec,316,4619795,01:16:59.795,,12:47:00
moturoa/atemp,25,4621324,01:17:01.324,,12:47:01
moturoa/ec,317,4629797,01:17:09.797,,12:47:10
moturoa/ec,317,4639795,01:17:19.795,,12:47:20
moturoa/ec,317,4649795,01:17:29.795,,12:47:30
moturoa/watertemp,15.3,4654531,01:17:34.531,,12:47:35
moturoa/ec,316,4659796,01:17:39.796,,12:47:40
moturoa/ec,316,4669795,01:17:49.795,,12:47:50
moturoa/ec,317,4679795,01:17:59.795,,12:48:00
moturoa/ahumid,22,4681324,01:18:01.324,,12:48:01
moturoa/ec,317,4689795,01:18:09.795,,12:48:10
moturoa/ec,316,4699795,01:18:19.795,,12:48:20
moturoa/watertemp,15.3,4704531,01:18:24.531,,12:48:25
moturoa/ec,318,4709795,01:18:29.795,,12:48:30
moturoa/ec,317,4719795,01:18:39.795,,12:48:40
moturoa/ec,317,4729795,01:18:49.795,,12:48:50
moturoa/ec,317,4739795,01:18:59.795,,12:49:00
moturoa/atemp,24,4741324,01:19:01.324,,12:49:01
moturoa/ec,318,4749795,01:19:09.795,,12:49:10
moturoa/watertemp,15.3,4754533,01:19:14.533,,12:49:15
moturoa/ec,317,4759797,01:19:19.797,,12:49:20
moturoa/ec,317,4769797,01:19:29.797,,12:49:30
moturoa/ec,318,4779796,01:19:39.796,,12:49:40
moturoa/ec,316,4789795,01:19:49.795,,12:49:50
moturoa/ec,317,4799795,01:19:59.795,,12:50:00
moturoa/ahumid,22,4801325,01:20:01.325,,12:50:01
moturoa/watertemp,15.3,4804532,01:20:04.532,,12:50:05
moturoa/ec,318,4809795,01:20:09.795,,12:50:10
moturoa/ec,317,4819795,01:20:19.795,,12:50:20
moturoa/ec,316,4829795,01:20:29.795,,12:50:30
moturoa/ec,318,4839796,01:20:39.796,,12:50:40
moturoa/ec,318,4849796,01:20:49.796,,12:50:50
moturoa/watertemp,15.3,4854532,01:20:54.532,,12:50:55
moturoa/ec,316,4859795,01:20:59.795,,12:51:00
moturoa/atemp,24,4861325,01:21:01.325,,12:51:01
moturoa/ec,317,4869796,01:21:09.796,,12:51:10
moturoa/ec,318,4879796,01:21:19.796,,12:51:20
moturoa/ec,318,4889795,01:21:29.795,,12:51:30
moturoa/ec,317,4899795,01:21:39.795,,12:51:40
moturoa/watertemp,15.3,4904532,01:21:44.532,,12:51:45
moturoa/ec,317,4909795,01:21:49.795,,12:51:50
moturoa/ec,317,4919795,01:21:59.795,,12:52:00
moturoa/ahumid,22,4921326,01:22:01.326,,12:52:01
moturoa/ec,317,4929796,01:22:09.796,,12:52:10
moturoa/ec,317,4939796,01:22:19.796,,12:52:20
moturoa/ec,318,4949798,01:22:29.798,,12:52:30
moturoa/watertemp,15.3,4954532,01:22:34.532,,12:52:35
moturoa/ec,318,4959795,01:22:39.795,,12:52:40
moturoa/ec,317,4969795,01:22:49.795,,12:52:50
moturoa/ec,316,4979796,01:22:59.796,,12:53:00
moturoa/atemp,24,4981325,01:23:01.325,,12:53:01
moturoa/ec,317,4989796,01:23:09.796,,12:53:10
moturoa/ec,317,4999796,01:23:19.796,,12:53:20
moturoa/watertemp,15.3,5004533,01:23:24.533,,12:53:25
moturoa/ec,317,5009798,01:23:29.798,,12:53:30
moturoa/ec,317,5019795,01:23:39.795,,12:53:40
moturoa/ec,317,5029796,01:23:49.796,,12:53:50
moturoa/ec,316,5039795,01:23:59.795,,12:54:00
moturoa/ahumid,22,5041326,01:24:01.326,,12:54:01
moturoa/ec,317,5049795,01:24:09.795,,12:54:10
moturoa/watertemp,15.3,5054532,01:24:14.532,,12:54:15
moturoa/ec,316,5059795,01:24:19.795,,12:54:20
moturoa/ec,317,5069795,01:24:29.795,,12:54:30
moturoa/ec,316,5079796,01:24:39.796,,12:54:40
moturoa/ec,317,5089795,01:24:49.795,,12:54:50
moturoa/ec,318,5099801,01:24:59.801,,12:55:00
moturoa/atemp,24,5101325,01:25:01.325,,12:55:01
moturoa/watertemp,15.3,5104533,01:25:04.533,,12:55:05
moturoa/ec,317,5109796,01:25:09.796,,12:55:10
moturoa/ec,317,5119795,01:25:19.795,,12:55:20
moturoa/ec,317,5129795,01:25:29.795,,12:55:30
moturoa/ec,317,5139797,01:25:39.797,,12:55:40
moturoa/ec,317,5149795,01:25:49.795,,12:55:50
moturoa/watertemp,15.3,5154533,01:25:54.533,,12:55:55
moturoa/ec,316,5159795,01:25:59.795,,12:56:00
moturoa/ahumid,22,5161325,01:26:01.325,,12:56:01
moturoa/ec,315,5169795,01:26:09.795,,12:56:10
moturoa/ec,316,5179798,01:26:19.798,,12:56:20
moturoa/ec,316,5189795,01:26:29.795,,12:56:30
moturoa/ec,316,5199795,01:26:39.795,,12:56:40
moturoa/watertemp,15.3,5204533,01:26:44.533,,12:56:45
moturoa/ec,316,5209796,01:26:49.796,,12:56:50
moturoa/ec,315,5219795,01:26:59.795,,12:57:00
moturoa/atemp,24,5221325,01:27:01.325,,12:57:01
moturoa/ec,316,5229795,01:27:09.795,,12:57:10
moturoa/ec,316,5239796,01:27:19.796,,12:57:20
moturoa/ec,317,5249796,01:27:29.796,,12:57:30
moturoa/watertemp,15.3,5254535,01:27:34.535,,12:57:35
moturoa/ec,316,5259796,01:27:39.796,,12:57:40
moturoa/ec,316,5269798,01:27:49.798,,12:57:50
moturoa/ec,316,5279796,01:27:59.796,,12:58:00
moturoa/ahumid,22,5281325,01:28:01.325,,12:58:01
moturoa/ec,316,5289796,01:28:09.796,,12:58:10
moturoa/ec,316,5299800,01:28:19.800,,12:58:20
moturoa/watertemp,15.3,5304534,01:28:24.534,,12:58:25
moturoa/ec,316,5309797,01:28:29.797,,12:58:30
moturoa/ec,316,5319797,01:28:39.797,,12:58:40
moturoa/ec,316,5329798,01:28:49.798,,12:58:50
moturoa/ec,316,5339797,01:28:59.797,,12:59:00
moturoa/atemp,24,5341327,01:29:01.327,,12:59:01
moturoa/ec,316,5349795,01:29:09.795,,12:59:10
moturoa/watertemp,15.3,5354534,01:29:14.534,,12:59:15
moturoa/ec,316,5359795,01:29:19.795,,12:59:20
moturoa/ec,316,5369795,01:29:29.795,,12:59:30
moturoa/ec,316,5379796,01:29:39.796,,12:59:40
moturoa/ec,318,5389796,01:29:49.796,,12:59:50
moturoa/ec,316,5399795,01:29:59.795,,13:00:00
moturoa/ahumid,21,5401326,01:30:01.326,,13:00:01
moturoa/watertemp,15.3,5404534,01:30:04.534,,13:00:05
moturoa/ec,316,5409796,01:30:09.796,,13:00:10
moturoa/ec,316,5419796,01:30:19.796,,13:00:20
moturoa/ec,316,5429796,01:30:29.796,,13:00:30
moturoa/ec,316,5439796,01:30:39.796,,13:00:40
moturoa/ec,316,5449795,01:30:49.795,,13:00:50
moturoa/watertemp,15.3,5454534,01:30:54.534,,13:00:55
moturoa/ec,317,5459804,01:30:59.804,,13:01:00
moturoa/atemp,25,5461327,01:31:01.327,,13:01:01
moturoa/ec,316,5469795,01:31:09.795,,13:01:10
moturoa/ec,316,5479795,01:31:19.795,,13:01:20
moturoa/ec,316,5489797,01:31:29.797,,13:01:30
moturoa/ec,316,5499796,01:31:39.796,,13:01:40
moturoa/watertemp,15.3,5504536,01:31:44.536,,13:01:45
moturoa/ec,316,5509797,01:31:49.797,,13:01:50
moturoa/ec,316,5519795,01:31:59.795,,13:02:00
moturoa/ahumid,22,5521329,01:32:01.329,,13:02:01
moturoa/ec,316,5529795,01:32:09.795,,13:02:10
moturoa/ec,316,5539795,01:32:19.795,,13:02:20
moturoa/ec,316,5549795,01:32:29.795,,13:02:30
moturoa/watertemp,15.3,5554535,01:32:34.535,,13:02:35
moturoa/ec,316,5559795,01:32:39.795,,13:02:40
moturoa/ec,316,5569796,01:32:49.796,,13:02:50
moturoa/ec,316,5579795,01:32:59.795,,13:03:00
moturoa/atemp,24,5581326,01:33:01.326,,13:03:01
moturoa/ec,316,5589796,01:33:09.796,,13:03:10
moturoa/ec,316,5599798,01:33:19.798,,13:03:20
moturoa/watertemp,15.3,5604537,01:33:24.537,,13:03:25
moturoa/ec,316,5609795,01:33:29.795,,13:03:30
moturoa/ec,316,5619800,01:33:39.800,,13:03:40
moturoa/ec,314,5629797,01:33:49.797,,13:03:50
moturoa/ec,316,5639796,01:33:59.796,,13:04:00
moturoa/ahumid,22,5641326,01:34:01.326,,13:04:01
moturoa/ec,316,5649798,01:34:09.798,,13:04:10
moturoa/watertemp,15.3,5654535,01:34:14.535,,13:04:15
moturoa/ec,316,5659796,01:34:19.796,,13:04:20
moturoa/ec,316,5669795,01:34:29.795,,13:04:30
moturoa/ec,315,5679795,01:34:39.795,,13:04:40
moturoa/ec,316,5689796,01:34:49.796,,13:04:50
moturoa/ec,316,5699796,01:34:59.796,,13:05:00
moturoa/atemp,24,5701326,01:35:01.326,,13:05:01
moturoa/watertemp,15.3,5704535,01:35:04.535,,13:05:05
moturoa/ec,317,5709797,01:35:09.797,,13:05:10
moturoa/ec,316,5719797,01:35:19.797,,13:05:20
moturoa/ec,316,5729795,01:35:29.795,,13:05:30
moturoa/ec,316,5739795,01:35:39.795,,13:05:40
moturoa/ec,315,5749796,01:35:49.796,,13:05:50
moturoa/watertemp,15.3,5754535,01:35:54.535,,13:05:55
moturoa/ec,316,5759796,01:35:59.796,,13:06:00
moturoa/ahumid,22,5761326,01:36:01.326,,13:06:01
moturoa/ec,316,5769798,01:36:09.798,,13:06:10
moturoa/ec,316,5779797,01:36:19.797,,13:06:20
moturoa/ec,315,5789795,01:36:29.795,,13:06:30
moturoa/ec,315,5799798,01:36:39.798,,13:06:40
moturoa/watertemp,15.3,5804536,01:36:44.536,,13:06:45
moturoa/ec,315,5809796,01:36:49.796,,13:06:50
moturoa/ec,315,5819795,01:36:59.795,,13:07:00
moturoa/atemp,24,5821326,01:37:01.326,,13:07:01
moturoa/ec,316,5829797,01:37:09.797,,13:07:10
moturoa/ec,316,5839796,01:37:19.796,,13:07:20
moturoa/ec,316,5849796,01:37:29.796,,13:07:30
moturoa/watertemp,15.3,5854536,01:37:34.536,,13:07:35
moturoa/ec,315,5859796,01:37:39.796,,13:07:40
moturoa/ec,316,5869798,01:37:49.798,,13:07:50
moturoa/ec,315,5879795,01:37:59.795,,13:08:00
moturoa/ahumid,22,5881329,01:38:01.329,,13:08:01
moturoa/ec,316,5889800,01:38:09.800,,13:08:10
moturoa/ec,316,5899796,01:38:19.796,,13:08:20
moturoa/watertemp,15.3,5904536,01:38:24.536,,13:08:25
moturoa/ec,316,5909796,01:38:29.796,,13:08:30
moturoa/ec,315,5919796,01:38:39.796,,13:08:40
moturoa/ec,315,5929796,01:38:49.796,,13:08:50
moturoa/ec,316,5939798,01:38:59.798,,13:09:00
moturoa/atemp,25,5941327,01:39:01.327,,13:09:01
moturoa/ec,316,5949797,01:39:09.797,,13:09:10
moturoa/watertemp,15.3,5954537,01:39:14.537,,13:09:15
moturoa/ec,315,5959796,01:39:19.796,,13:09:20
moturoa/ec,315,5969801,01:39:29.801,,13:09:30
moturoa/ec,315,5979796,01:39:39.796,,13:09:40
moturoa/ec,315,5989796,01:39:49.796,,13:09:50
moturoa/ec,315,5999796,01:39:59.796,,13:10:00
moturoa/ahumid,22,6001327,01:40:01.327,,13:10:01
moturoa/watertemp,15.3,6004540,01:40:04.540,,13:10:05
moturoa/ec,315,6009796,01:40:09.796,,13:10:10
moturoa/ec,316,6019796,01:40:19.796,,13:10:20
moturoa/ec,316,6029796,01:40:29.796,,13:10:30
moturoa/ec,315,6039798,01:40:39.798,,13:10:40
moturoa/ec,315,6049796,01:40:49.796,,13:10:50
moturoa/watertemp,15.3,6054537,01:40:54.537,,13:10:55
moturoa/ec,316,6059796,01:40:59.796,,13:11:00
moturoa/atemp,24,6061327,01:41:01.327,,13:11:01
moturoa/ec,315,6069796,01:41:09.796,,13:11:10
moturoa/ec,315,6079796,01:41:19.796,,13:11:20
moturoa/ec,316,6089797,01:41:29.797,,13:11:30
moturoa/ec,315,6099796,01:41:39.796,,13:11:40
moturoa/watertemp,15.3,6104537,01:41:44.537,,13:11:45
moturoa/ec,315,6109796,01:41:49.796,,13:11:50
moturoa/ec,315,6119806,01:41:59.806,,13:12:00
moturoa/ahumid,22,6121327,01:42:01.327,,13:12:01
moturoa/ec,315,6129796,01:42:09.796,,13:12:10
moturoa/ec,316,6139796,01:42:19.796,,13:12:20
moturoa/ec,315,6149799,01:42:29.799,,13:12:30
moturoa/watertemp,15.3,6154537,01:42:34.537,,13:12:35
moturoa/ec,315,6159796,01:42:39.796,,13:12:40
moturoa/ec,315,6169796,01:42:49.796,,13:12:50
moturoa/ec,315,6179796,01:42:59.796,,13:13:00
moturoa/atemp,25,6181327,01:43:01.327,,13:13:01
moturoa/ec,314,6189796,01:43:09.796,,13:13:10
moturoa/ec,316,6199796,01:43:19.796,,13:13:20
moturoa/watertemp,15.3,6204537,01:43:24.537,,13:13:25
moturoa/ec,316,6209796,01:43:29.796,,13:13:30
moturoa/ec,315,6219796,01:43:39.796,,13:13:40
moturoa/ec,315,6229797,01:43:49.797,,13:13:50
moturoa/ec,315,6239796,01:43:59.796,,13:14:00
moturoa/ahumid,22,6241327,01:44:01.327,,13:14:01
moturoa/ec,314,6249796,01:44:09.796,,13:14:10
moturoa/watertemp,15.3,6254537,01:44:14.537,,13:14:15
moturoa/ec,314,6259799,01:44:19.799,,13:14:20
moturoa/ec,315,6269797,01:44:29.797,,13:14:30
moturoa/ec,315,6279798,01:44:39.798,,13:14:40
moturoa/ec,315,6289803,01:44:49.803,,13:14:50
moturoa/ec,315,6299796,01:44:59.796,,13:15:00
moturoa/atemp,24,6301328,01:45:01.328,,13:15:01
moturoa/watertemp,15.3,6304538,01:45:04.538,,13:15:05
moturoa/ec,315,6309796,01:45:09.796,,13:15:10
moturoa/ec,315,6319797,01:45:19.797,,13:15:20
moturoa/ec,315,6329796,01:45:29.796,,13:15:30
moturoa/ec,316,6339796,01:45:39.796,,13:15:40
moturoa/ec,316,6349799,01:45:49.799,,13:15:50
moturoa/watertemp,15.3,6354538,01:45:54.538,,13:15:55
moturoa/ec,315,6359797,01:45:59.797,,13:16:00
moturoa/ahumid,22,6361327,01:46:01.327,,13:16:01
moturoa/ec,315,6369796,01:46:09.796,,13:16:10
moturoa/ec,315,6379796,01:46:19.796,,13:16:20
moturoa/ec,315,6389797,01:46:29.797,,13:16:30
moturoa/spike,1,6399786,01:46:39.786,,13:16:40
moturoa/ec,7,6399857,01:46:39.857,,13:16:40
moturoa/watertemp,15.3,6404538,01:46:44.538,,13:16:45
moturoa/spike,1,6409787,01:46:49.787,,13:16:50
moturoa/ec,7,6409858,01:46:49.858,,13:16:50
moturoa/spike,1,6419786,01:46:59.786,,13:17:00
moturoa/ec,7,6419836,01:46:59.836,,13:17:00
moturoa/atemp,24,6421327,01:47:01.327,,13:17:01
moturoa/spike,1,6429786,01:47:09.786,,13:17:10
moturoa/ec,6,6429905,01:47:09.905,,13:17:10
moturoa/spike,1,6439786,01:47:19.786,,13:17:20
moturoa/ec,6,6439904,01:47:19.904,,13:17:20
moturoa/spike,1,6449786,01:47:29.786,,13:17:30
moturoa/ec,7,6449904,01:47:29.904,,13:17:30
moturoa/watertemp,15.3,6454538,01:47:34.538,,13:17:35
moturoa/spike,1,6459786,01:47:39.786,,13:17:40
moturoa/ec,7,6459853,01:47:39.853,,13:17:40
moturoa/spike,1,6469786,01:47:49.786,,13:17:50
moturoa/ec,7,6469852,01:47:49.852,,13:17:50
moturoa/ec,7,6479796,01:47:59.796,,13:18:00
moturoa/ahumid,22,6481327,01:48:01.327,,13:18:01
moturoa/ec,7,6489818,01:48:09.818,,13:18:10
moturoa/ec,6,6499798,01:48:19.798,,13:18:20
moturoa/watertemp,15.3,6504538,01:48:24.538,,13:18:25
moturoa/ec,6,6509804,01:48:29.804,,13:18:30
moturoa/ec,7,6519796,01:48:39.796,,13:18:40
moturoa/ec,7,6529796,01:48:49.796,,13:18:50
moturoa/ec,6,6539796,01:48:59.796,,13:19:00
moturoa/ec,7,6549796,01:49:09.796,,13:19:10
moturoa/watertemp,20.6,6554538,01:49:14.538,,13:19:15
moturoa/ec,6,6559796,01:49:19.796,,13:19:20
moturoa/ec,7,6569796,01:49:29.796,,13:19:30
moturoa/ec,7,6579797,01:49:39.797,,13:19:40
moturoa/ec,7,6589796,01:49:49.796,,13:19:50
moturoa/ec,6,6599796,01:49:59.796,,13:20:00
moturoa/watertemp,21.9,6604539,01:50:04.539,,13:20:05
moturoa/ec,7,6609799,01:50:09.799,,13:20:10
moturoa/ec,7,6619797,01:50:19.797,,13:20:20
moturoa/ec,7,6629797,01:50:29.797,,13:20:30
moturoa/ec,7,6639797,01:50:39.797,,13:20:40
moturoa/ec,6,6649796,01:50:49.796,,13:20:50
moturoa/watertemp,24.4,6654539,01:50:54.539,,13:20:55
moturoa/ec,7,6659796,01:50:59.796,,13:21:00
moturoa/ec,6,6669796,01:51:09.796,,13:21:10
moturoa/ec,6,6679797,01:51:19.797,,13:21:20
moturoa/ec,6,6689797,01:51:29.797,,13:21:30
moturoa/ec,6,6699796,01:51:39.796,,13:21:40
moturoa/watertemp,25.6,6704541,01:51:44.541,,13:21:45
moturoa/ec,7,6709796,01:51:49.796,,13:21:50
moturoa/ec,6,6719796,01:51:59.796,,13:22:00
moturoa/ec,6,6729796,01:52:09.796,,13:22:10
moturoa/ec,7,6739796,01:52:19.796,,13:22:20
moturoa/ec,7,6749796,01:52:29.796,,13:22:30
moturoa/watertemp,26.2,6754539,01:52:34.539,,13:22:35
moturoa/ec,7,6759796,01:52:39.796,,13:22:40
moturoa/ec,7,6769796,01:52:49.796,,13:22:50
moturoa/ec,6,6779797,01:52:59.797,,13:23:00
moturoa/ec,7,6789796,01:53:09.796,,13:23:10
moturoa/ec,6,6799802,01:53:19.802,,13:23:20
moturoa/watertemp,26.4,6804539,01:53:24.539,,13:23:25
moturoa/ec,6,6809796,01:53:29.796,,13:23:30
moturoa/ec,7,6819797,01:53:39.797,,13:23:40
moturoa/ec,7,6829799,01:53:49.799,,13:23:50
moturoa/ec,7,6839796,01:53:59.796,,13:24:00
moturoa/ec,7,6849796,01:54:09.796,,13:24:10
moturoa/watertemp,26.4,6854538,01:54:14.538,,13:24:15
moturoa/ec,7,6859796,01:54:19.796,,13:24:20
moturoa/ec,7,6869796,01:54:29.796,,13:24:30
moturoa/ec,7,6879798,01:54:39.798,,13:24:40
moturoa/ec,7,6889796,01:54:49.796,,13:24:50
moturoa/ec,7,6899806,01:54:59.806,,13:25:00
moturoa/watertemp,26.4,6904540,01:55:04.540,,13:25:05
moturoa/ec,7,6909796,01:55:09.796,,13:25:10
moturoa/ec,7,6919796,01:55:19.796,,13:25:20
moturoa/ec,7,6929799,01:55:29.799,,13:25:30
moturoa/ec,7,6939796,01:55:39.796,,13:25:40
moturoa/ec,7,6949801,01:55:49.801,,13:25:50
moturoa/watertemp,26.4,6954540,01:55:54.540,,13:25:55
moturoa/ec,7,6959802,01:55:59.802,,13:26:00
moturoa/ec,7,6969796,01:56:09.796,,13:26:10
moturoa/ec,7,6979797,01:56:19.797,,13:26:20
moturoa/ec,6,6989796,01:56:29.796,,13:26:30
moturoa/ec,7,6999797,01:56:39.797,,13:26:40
moturoa/watertemp,26.5,7004543,01:56:44.543,,13:26:45
moturoa/ec,7,7009797,01:56:49.797,,13:26:50
moturoa/ec,7,7019795,01:56:59.795,,13:27:00
moturoa/ec,7,7029796,01:57:09.796,,13:27:10
moturoa/ec,7,7039801,01:57:19.801,,13:27:20
moturoa/ec,7,7049796,01:57:29.796,,13:27:30
moturoa/watertemp,26.6,7054540,01:57:34.540,,13:27:35
moturoa/ec,7,7059796,01:57:39.796,,13:27:40
moturoa/ec,6,7069796,01:57:49.796,,13:27:50
moturoa/ec,7,7079796,01:57:59.796,,13:28:00
moturoa/ec,7,7089796,01:58:09.796,,13:28:10
moturoa/ec,7,7099803,01:58:19.803,,13:28:20
moturoa/watertemp,26.6,7104541,01:58:24.541,,13:28:25
moturoa/ec,7,7109797,01:58:29.797,,13:28:30
moturoa/ec,6,7119797,01:58:39.797,,13:28:40
moturoa/ec,7,7129797,01:58:49.797,,13:28:50
moturoa/ec,7,7139796,01:58:59.796,,13:29:00
moturoa/ec,7,7149796,01:59:09.796,,13:29:10
moturoa/watertemp,26.7,7154541,01:59:14.541,,13:29:15
moturoa/ec,7,7159797,01:59:19.797,,13:29:20
moturoa/ec,7,7169796,01:59:29.796,,13:29:30
moturoa/ec,7,7179796,01:59:39.796,,13:29:40
moturoa/ec,7,7189799,01:59:49.799,,13:29:50
moturoa/ec,7,7199796,01:59:59.796,,13:30:00
moturoa/watertemp,26.6,7204541,02:00:04.541,,13:30:05
moturoa/ec,7,7209796,02:00:09.796,,13:30:10
moturoa/ec,7,7219797,02:00:19.797,,13:30:20
moturoa/ec,7,7229803,02:00:29.803,,13:30:30
moturoa/ec,7,7239796,02:00:39.796,,13:30:40
moturoa/ec,7,7249798,02:00:49.798,,13:30:50
moturoa/watertemp,26.5,7254541,02:00:54.541,,13:30:55
moturoa/ec,7,7259796,02:00:59.796,,13:31:00
moturoa/ec,7,7269796,02:01:09.796,,13:31:10
moturoa/ec,7,7279797,02:01:19.797,,13:31:20
moturoa/ec,6,7289799,02:01:29.799,,13:31:30
moturoa/ec,7,7299796,02:01:39.796,,13:31:40
moturoa/watertemp,26.4,7304541,02:01:44.541,,13:31:45
moturoa/ec,7,7309797,02:01:49.797,,13:31:50
moturoa/ec,7,7319798,02:01:59.798,,13:32:00
moturoa/ec,7,7329796,02:02:09.796,,13:32:10
moturoa/ec,7,7339796,02:02:19.796,,13:32:20
moturoa/ec,7,7349796,02:02:29.796,,13:32:30
moturoa/watertemp,27.2,7354543,02:02:34.543,,13:32:35
moturoa/ec,7,7359796,02:02:39.796,,13:32:40
moturoa/ec,6,7369796,02:02:49.796,,13:32:50
moturoa/ec,7,7379798,02:02:59.798,,13:33:00
moturoa/ec,6,7389797,02:03:09.797,,13:33:10
moturoa/ec,7,7399798,02:03:19.798,,13:33:20
moturoa/watertemp,28.3,7404542,02:03:24.542,,13:33:25
moturoa/ec,7,7409796,02:03:29.796,,13:33:30
moturoa/ec,7,7419796,02:03:39.796,,13:33:40
moturoa/ec,7,7429798,02:03:49.798,,13:33:50
moturoa/ec,7,7439796,02:03:59.796,,13:34:00
moturoa/ec,7,7449798,02:04:09.798,,13:34:10
moturoa/watertemp,28.7,7454542,02:04:14.542,,13:34:15
moturoa/ec,7,7459797,02:04:19.797,,13:34:20
moturoa/ec,7,7469797,02:04:29.797,,13:34:30
moturoa/ec,7,7479796,02:04:39.796,,13:34:40